{
  "event_threshold": 0.15131550976297445,
  "event_rate_test": 0.5333333333333333,
  "metrics_overall": {
    "level": {
      "RMSE": 505.7721819159294,
      "MAE": 421.05,
      "MAPE": 19.48508382913602,
      "sMAPE": 18.826776477785963,
      "R2": -0.26720705594252103
    },
    "return": {
      "RMSE": 0.23087567508081397,
      "MAE": 0.18973765171673854,
      "sMAPE": 200.0,
      "R2": -0.004505762864347673,
      "DirectionAcc": 0.0
    }
  },
  "metrics_persistence": {
    "level": {
      "RMSE": 505.7721819159294,
      "MAE": 421.05,
      "MAPE": 19.48508382913602,
      "sMAPE": 18.826776477785963,
      "R2": -0.26720705594252103
    },
    "return": {
      "RMSE": 0.23087567508081397,
      "MAE": 0.18973765171673854,
      "sMAPE": 200.0,
      "R2": -0.004505762864347673,
      "DirectionAcc": 0.0
    }
  },
  "metrics_event_only": {
    "model_level": {
      "RMSE": 666.6639075463738,
      "MAE": 640.640625,
      "MAPE": 29.831887482780722,
      "sMAPE": 28.81081692582074,
      "R2": -0.4791361559131384
    },
    "pers_level": {
      "RMSE": 666.6639075463738,
      "MAE": 640.640625,
      "MAPE": 29.831887482780722,
      "sMAPE": 28.81081692582074,
      "R2": -0.4791361559131384
    },
    "model_return": {
      "RMSE": 0.30544378127650623,
      "MAE": 0.2907995414769932,
      "sMAPE": 200.0,
      "R2": -0.0004051376599634171,
      "DirectionAcc": 0.0
    },
    "event_count": 64
  },
  "improvement_vs_persistence": {
    "level_RMSE_overall": 0.0,
    "level_RMSE_event_only": 0.0
  }
}