{
  "config": {
    "horizon_steps": 10,
    "n_splits": 5,
    "test_window": 120,
    "min_train_size": 365,
    "step": 120,
    "val_fraction": 0.15,
    "purge_gap": 10,
    "include_current_bdi": true,
    "strict_feature_filter": true,
    "use_param_grid": false
  },
  "per_split": [
    {
      "metrics": {
        "return": {
          "RMSE": 0.23202751246913747,
          "MAE": 0.189088824010868,
          "sMAPE": 146.33818129117125,
          "R2": -0.28874640920814554,
          "DirectionAcc": 0.5166666666666667
        },
        "level": {
          "RMSE": 360.1010776198596,
          "MAE": 292.19765036553144,
          "MAPE": 17.38150946359248,
          "sMAPE": 18.75331301080484,
          "R2": 0.21625454812903033
        }
      },
      "baseline_metrics": {
        "persistence": {
          "level": {
            "RMSE": 347.8398817463767,
            "MAE": 292.31666666666666,
            "MAPE": 17.61207195930446,
            "sMAPE": 17.858458286442833,
            "R2": 0.2687179033671042
          },
          "return": {
            "RMSE": 0.2096956743712184,
            "MAE": 0.17963148759129008,
            "sMAPE": 200.0,
            "R2": -0.05260988439080716,
            "DirectionAcc": 0.0
          }
        },
        "seasonal_naive": {
          "level": {
            "RMSE": 403.7662277440582,
            "MAE": 342.18333333333334,
            "MAPE": 20.8023132010915,
            "sMAPE": 21.380974331086822,
            "R2": 0.01465986621945381
          },
          "return": {
            "RMSE": 0.252466035850782,
            "MAE": 0.21561332579206016,
            "sMAPE": 146.74486994467907,
            "R2": -0.5257887977011944,
            "DirectionAcc": 0.43333333333333335
          }
        },
        "moving_average": {
          "level": {
            "RMSE": 371.0123074952166,
            "MAE": 313.8309523809524,
            "MAPE": 19.068916200843365,
            "sMAPE": 19.53920451156478,
            "R2": 0.1680392749176105
          },
          "return": {
            "RMSE": 0.2294547266813849,
            "MAE": 0.19671616083864923,
            "sMAPE": 153.50717351098425,
            "R2": -0.26032490106727524,
            "DirectionAcc": 0.43333333333333335
          }
        }
      },
      "best_params": {
        "max_depth": 6,
        "min_child_weight": 1,
        "subsample": 0.8,
        "colsample_bytree": 0.8,
        "reg_alpha": 0.0,
        "reg_lambda": 1.0
      }
    },
    {
      "metrics": {
        "return": {
          "RMSE": 0.2571384664513559,
          "MAE": 0.1981653101546911,
          "sMAPE": 121.63140260509229,
          "R2": -1.4427225289696919,
          "DirectionAcc": 0.6083333333333333
        },
        "level": {
          "RMSE": 1195.7114013132614,
          "MAE": 839.3490031232436,
          "MAPE": 23.428253655382658,
          "sMAPE": 19.57399792312261,
          "R2": -1.4195571494833965
        }
      },
      "baseline_metrics": {
        "persistence": {
          "level": {
            "RMSE": 633.0739424953981,
            "MAE": 501.81666666666666,
            "MAPE": 13.672769342932012,
            "sMAPE": 13.765561713870172,
            "R2": 0.32174653635714645
          },
          "return": {
            "RMSE": 0.1685471645196037,
            "MAE": 0.1382492899300781,
            "sMAPE": 200.0,
            "R2": -0.049501202223984686,
            "DirectionAcc": 0.0
          }
        },
        "seasonal_naive": {
          "level": {
            "RMSE": 797.0133102192627,
            "MAE": 604.9666666666667,
            "MAPE": 16.651433124138716,
            "sMAPE": 17.136080545302907,
            "R2": -0.07501442614489728
          },
          "return": {
            "RMSE": 0.2189599442333544,
            "MAE": 0.17273751840141233,
            "sMAPE": 143.1814204194582,
            "R2": -0.7712072715106819,
            "DirectionAcc": 0.475
          }
        },
        "moving_average": {
          "level": {
            "RMSE": 730.7902754557426,
            "MAE": 555.4202380952381,
            "MAPE": 15.241850276459779,
            "sMAPE": 15.49647606332557,
            "R2": 0.09620764569038442
          },
          "return": {
            "RMSE": 0.1974494190463427,
            "MAE": 0.15596069878125862,
            "sMAPE": 151.44378081581849,
            "R2": -0.44029601607854363,
            "DirectionAcc": 0.425
          }
        }
      },
      "best_params": {
        "max_depth": 6,
        "min_child_weight": 1,
        "subsample": 0.8,
        "colsample_bytree": 0.8,
        "reg_alpha": 0.0,
        "reg_lambda": 1.0
      }
    },
    {
      "metrics": {
        "return": {
          "RMSE": 0.28320614576287845,
          "MAE": 0.23123192486087757,
          "sMAPE": 133.43425890108477,
          "R2": -0.14524783492124071,
          "DirectionAcc": 0.48333333333333334
        },
        "level": {
          "RMSE": 768.1588055451742,
          "MAE": 607.9100007270773,
          "MAPE": 27.19751507961844,
          "sMAPE": 22.849467240833786,
          "R2": -1.2552352005746328
        }
      },
      "baseline_metrics": {
        "persistence": {
          "level": {
            "RMSE": 660.5865323079685,
            "MAE": 563.2333333333333,
            "MAPE": 24.44309205368966,
            "sMAPE": 23.02641335712048,
            "R2": -0.6678202611872663
          },
          "return": {
            "RMSE": 0.2664528768817786,
            "MAE": 0.2323079416276529,
            "sMAPE": 198.33333333333334,
            "R2": -0.01375955253919936,
            "DirectionAcc": 0.008333333333333333
          }
        },
        "seasonal_naive": {
          "level": {
            "RMSE": 946.7213203120194,
            "MAE": 758.875,
            "MAPE": 33.73386530987306,
            "sMAPE": 29.824952898722128,
            "R2": -2.4255801244086066
          },
          "return": {
            "RMSE": 0.35977124837865126,
            "MAE": 0.3034657156811303,
            "sMAPE": 147.76849280517226,
            "R2": -0.8481917977164044,
            "DirectionAcc": 0.425
          }
        },
        "moving_average": {
          "level": {
            "RMSE": 808.4250982346987,
            "MAE": 674.4761904761905,
            "MAPE": 29.729283168170113,
            "sMAPE": 27.103812218047285,
            "R2": -1.4978674637997424
          },
          "return": {
            "RMSE": 0.3158750352621344,
            "MAE": 0.2744229321936726,
            "sMAPE": 160.1172464707191,
            "R2": -0.42470431298779454,
            "DirectionAcc": 0.39166666666666666
          }
        }
      },
      "best_params": {
        "max_depth": 6,
        "min_child_weight": 1,
        "subsample": 0.8,
        "colsample_bytree": 0.8,
        "reg_alpha": 0.0,
        "reg_lambda": 1.0
      }
    },
    {
      "metrics": {
        "return": {
          "RMSE": 0.2534177262383179,
          "MAE": 0.2125784091587353,
          "sMAPE": 167.26493946277105,
          "R2": -0.5582073511384071,
          "DirectionAcc": 0.35
        },
        "level": {
          "RMSE": 437.60549563321666,
          "MAE": 367.5338160177072,
          "MAPE": 23.347090530537255,
          "sMAPE": 21.070828365241535,
          "R2": -0.298879116058296
        }
      },
      "baseline_metrics": {
        "persistence": {
          "level": {
            "RMSE": 328.82481404743976,
            "MAE": 265.325,
            "MAPE": 17.150965385298793,
            "sMAPE": 16.423733677502035,
            "R2": 0.2666144214671964
          },
          "return": {
            "RMSE": 0.2082382349597176,
            "MAE": 0.16537281306088106,
            "sMAPE": 200.0,
            "R2": -0.052136814730785686,
            "DirectionAcc": 0.0
          }
        },
        "seasonal_naive": {
          "level": {
            "RMSE": 502.47198926905367,
            "MAE": 428.2,