{
  "event_threshold": 0.14802702772556559,
  "event_rate_test": 0.6166666666666667,
  "metrics_overall": {
    "level": {
      "RMSE": 357.8757902541048,
      "MAE": 299.50416666666666,
      "MAPE": 25.11323648793109,
      "sMAPE": 22.50898969337222,
      "R2": 0.16781409104570022
    },
    "return": {
      "RMSE": 0.2710419404878678,
      "MAE": 0.22742104462913862,
      "sMAPE": 199.9318635656693,
      "R2": -0.18082458247773947,
      "DirectionAcc": 0.025
    }
  },
  "metrics_persistence": {
    "level": {
      "RMSE": 357.8447521854508,
      "MAE": 299.45,
      "MAPE": 25.103261990250363,
      "sMAPE": 22.501693597314336,
      "R2": 0.16795843343488992
    },
    "return": {
      "RMSE": 0.2709694473118105,
      "MAE": 0.22734667052890378,
      "sMAPE": 200.0,
      "R2": -0.18019301766064522,
      "DirectionAcc": 0.0
    }
  },
  "metrics_event_only": {
    "model_level": {
      "RMSE": 441.366807523837,
      "MAE": 408.1554054054054,
      "MAPE": 35.463571462443014,
      "sMAPE": 31.242188577669822,
      "R2": -0.2706136732670523
    },
    "pers_level": {
      "RMSE": 441.3248328704245,
      "MAE": 408.06756756756755,
      "MAPE": 35.44863660456458,
      "sMAPE": 31.23128955069177,
      "R2": -0.27037201018049584
    },
    "model_return": {
      "RMSE": 0.3367758539754116,
      "MAE": 0.3161451896814566,
      "sMAPE": 199.98748857275882,
      "R2": -0.3634941337355262,
      "DirectionAcc": 0.013513513513513514
    },
    "event_count": 74
  },
  "improvement_vs_persistence": {
    "level_RMSE_overall": -0.03103806865402703,
    "level_RMSE_event_only": -0.04197465341252382
  }
}