{
  "event_threshold": 0.14950325131516404,
  "event_rate_test": 0.35,
  "metrics_overall": {
    "level": {
      "RMSE": 263.8568898727743,
      "MAE": 188.39166666666668,
      "MAPE": 15.509354569847703,
      "sMAPE": 16.698597117338227,
      "R2": -0.5910910079058291
    },
    "return": {
      "RMSE": 0.25467744648559554,
      "MAE": 0.16990692684144815,
      "sMAPE": 199.14891656846805,
      "R2": -0.051128050966619876,
      "DirectionAcc": 0.38333333333333336
    }
  },
  "metrics_persistence": {
    "level": {
      "RMSE": 263.95105291196194,
      "MAE": 188.44166666666666,
      "MAPE": 15.512605382175632,
      "sMAPE": 16.70646677579204,
      "R2": -0.5922268410357161
    },
    "return": {
      "RMSE": 0.2548248308182636,
      "MAE": 0.169990078684538,
      "sMAPE": 200.0,
      "R2": -0.052344999190999664,
      "DirectionAcc": 0.0
    }
  },
  "metrics_event_only": {
    "model_level": {
      "RMSE": 422.92094414914,
      "MAE": 378.4166666666667,
      "MAPE": 31.50837491602538,
      "sMAPE": 35.00686124471011,
      "R2": -2.9839509537053113
    },
    "pers_level": {
      "RMSE": 423.0769658674637,
      "MAE": 378.5952380952381,
      "MAPE": 31.522540893633728,
      "sMAPE": 35.030540887018155,
      "R2": -2.986890971397125
    },
    "model_return": {
      "RMSE": 0.41608052835752557,
      "MAE": 0.3583045182837526,
      "sMAPE": 199.5498893033824,
      "R2": -0.21015398120390083,
      "DirectionAcc": 0.5238095238095238
    },
    "event_count": 42
  },
  "improvement_vs_persistence": {
    "level_RMSE_overall": 0.09416303918766289,
    "level_RMSE_event_only": 0.15602171832370004
  }
}