{
  "event_threshold": 0.1580517813759305,
  "event_rate_test": 0.4583333333333333,
  "metrics_overall": {
    "level": {
      "RMSE": 735.4323841568759,
      "MAE": 582.8083333333333,
      "MAPE": 17.096187938308002,
      "sMAPE": 16.09297196376253,
      "R2": 0.18603173795372308
    },
    "return": {
      "RMSE": 0.203281782555419,
      "MAE": 0.1619987700318689,
      "sMAPE": 197.82031261611723,
      "R2": -0.0023219277136399263,
      "DirectionAcc": 0.30833333333333335
    }
  },
  "metrics_persistence": {
    "level": {
      "RMSE": 735.3999195449144,
      "MAE": 582.825,
      "MAPE": 17.09576958786251,
      "sMAPE": 16.09383203380737,
      "R2": 0.18610359929976916
    },
    "return": {
      "RMSE": 0.20327497770010639,
      "MAE": 0.162007088403878,
      "sMAPE": 198.33333333333334,
      "R2": -0.002254823407013884,
      "DirectionAcc": 0.008333333333333333
    }
  },
  "metrics_event_only": {
    "model_level": {
      "RMSE": 1033.5894340509767,
      "MAE": 977.7272727272727,
      "MAPE": 29.416561037763632,
      "sMAPE": 27.128830433284097,
      "R2": -0.13877062123950434
    },
    "pers_level": {
      "RMSE": 1033.5136978465084,
      "MAE": 977.6909090909091,
      "MAPE": 29.413941465740116,
      "sMAPE": 27.128341503910207,
      "R2": -0.1386037406543701
    },
    "model_return": {
      "RMSE": 0.2873511874118078,
      "MAE": 0.27355221876748087,
      "sMAPE": 199.93752638510983,
      "R2": -0.023937492348101053,
      "DirectionAcc": 0.23636363636363636
    },
    "event_count": 55
  },
  "improvement_vs_persistence": {
    "level_RMSE_overall": -0.032464611961472656,
    "level_RMSE_event_only": -0.075736204468285
  }
}