{
  "event_threshold": 0.14950325131516404,
  "event_rate_test": 0.35,
  "metrics_overall": {
    "level": {
      "RMSE": 263.95105291196194,
      "MAE": 188.44166666666666,
      "MAPE": 15.512605382175632,
      "sMAPE": 16.70646677579204,
      "R2": -0.5922268410357161
    },
    "return": {
      "RMSE": 0.2548248308182636,
      "MAE": 0.169990078684538,
      "sMAPE": 200.0,
      "R2": -0.052344999190999664,
      "DirectionAcc": 0.0
    }
  },
  "metrics_persistence": {
    "level": {
      "RMSE": 263.95105291196194,
      "MAE": 188.44166666666666,
      "MAPE": 15.512605382175632,
      "sMAPE": 16.70646677579204,
      "R2": -0.5922268410357161
    },
    "return": {
      "RMSE": 0.2548248308182636,
      "MAE": 0.169990078684538,
      "sMAPE": 200.0,
      "R2": -0.052344999190999664,
      "DirectionAcc": 0.0
    }
  },
  "metrics_event_only": {
    "model_level": {
      "RMSE": 423.0769658674637,
      "MAE": 378.5952380952381,
      "MAPE": 31.522540893633728,
      "sMAPE": 35.030540887018155,
      "R2": -2.986890971397125
    },
    "pers_level": {
      "RMSE": 423.0769658674637,
      "MAE": 378.5952380952381,
      "MAPE": 31.522540893633728,
      "sMAPE": 35.030540887018155,
      "R2": -2.986890971397125
    },
    "model_return": {
      "RMSE": 0.41632522621275236,
      "MAE": 0.35855388630778745,
      "sMAPE": 200.0,
      "R2": -0.2115777880803329,
      "DirectionAcc": 0.0
    },
    "event_count": 42
  },
  "improvement_vs_persistence": {
    "level_RMSE_overall": 0.0,
    "level_RMSE_event_only": 0.0
  }
}