{
  "event_threshold": 0.1580517813759305,
  "event_rate_test": 0.4583333333333333,
  "metrics_overall": {
    "level": {
      "RMSE": 735.3386932223817,
      "MAE": 582.7541666666667,
      "MAPE": 17.094104707999744,
      "sMAPE": 16.09178792363545,
      "R2": 0.18623911688092754
    },
    "return": {
      "RMSE": 0.2032583771287803,
      "MAE": 0.16198649460121453,
      "sMAPE": 198.167087958704,
      "R2": -0.002091130625000437,
      "DirectionAcc": 0.2
    }
  },
  "metrics_persistence": {
    "level": {
      "RMSE": 735.3999195449144,
      "MAE": 582.825,
      "MAPE": 17.09576958786251,
      "sMAPE": 16.09383203380737,
      "R2": 0.18610359929976916
    },
    "return": {
      "RMSE": 0.20327497770010639,
      "MAE": 0.162007088403878,
      "sMAPE": 198.33333333333334,
      "R2": -0.002254823407013884,
      "DirectionAcc": 0.008333333333333333
    }
  },
  "metrics_event_only": {
    "model_level": {
      "RMSE": 1033.4432429328842,
      "MAE": 977.6,
      "MAPE": 29.41181628237246,
      "sMAPE": 27.125759661401656,
      "R2": -0.13844850808406273
    },
    "pers_level": {
      "RMSE": 1033.5136978465084,
      "MAE": 977.6909090909091,
      "MAPE": 29.413941465740116,
      "sMAPE": 27.128341503910207,
      "R2": -0.1386037406543701
    },
    "model_return": {
      "RMSE": 0.2873139398207053,
      "MAE": 0.2735205581201395,
      "sMAPE": 199.94859113841144,
      "R2": -0.02367205594259225,
      "DirectionAcc": 0.18181818181818182
    },
    "event_count": 55
  },
  "improvement_vs_persistence": {
    "level_RMSE_overall": 0.06122632253266147,
    "level_RMSE_event_only": 0.07045491362418943
  }
}