{
  "event_threshold": 0.17378107504045887,
  "event_rate_test": 0.38333333333333336,
  "metrics_overall": {
    "level": {
      "RMSE": 362.7896199360358,
      "MAE": 305.85,
      "MAPE": 15.144998677771465,
      "sMAPE": 15.746696014002309,
      "R2": 0.690855134439525
    },
    "return": {
      "RMSE": 0.1827410111673942,
      "MAE": 0.15814207970020708,
      "sMAPE": 199.9817217740147,
      "R2": -0.16095650310582377,
      "DirectionAcc": 0.03333333333333333
    }
  },
  "metrics_persistence": {
    "level": {
      "RMSE": 362.8088569297429,
      "MAE": 305.8666666666667,
      "MAPE": 15.145929189790172,
      "sMAPE": 15.747889208539009,
      "R2": 0.6908223486310152
    },
    "return": {
      "RMSE": 0.18275873337968768,
      "MAE": 0.15815422602939763,
      "sMAPE": 200.0,
      "R2": -0.1611816930087091,
      "DirectionAcc": 0.0
    }
  },
  "metrics_event_only": {
    "model_level": {
      "RMSE": 511.7517868110944,
      "MAE": 491.0,
      "MAPE": 24.34519223633816,
      "sMAPE": 25.775612748704624,
      "R2": 0.3824958295299983
    },
    "pers_level": {
      "RMSE": 511.78736243466005,
      "MAE": 491.04347826086956,
      "MAPE": 24.347619658995654,
      "sMAPE": 25.77872543010471,
      "R2": 0.382409972049607
    },
    "model_return": {
      "RMSE": 0.2631106554486053,
      "MAE": 0.25932517005565414,
      "sMAPE": 199.9523176713426,
      "R2": -0.43410132664737433,
      "DirectionAcc": 0.08695652173913043
    },
    "event_count": 46
  },
  "improvement_vs_persistence": {
    "level_RMSE_overall": 0.019236993707067995,
    "level_RMSE_event_only": 0.035575623565648584
  }
}