{
  "event_threshold": 0.14802702772556559,
  "event_rate_test": 0.6166666666666667,
  "metrics_overall": {
    "level": {
      "RMSE": 357.8447521854508,
      "MAE": 299.45,
      "MAPE": 25.103261990250363,
      "sMAPE": 22.501693597314336,
      "R2": 0.16795843343488992
    },
    "return": {
      "RMSE": 0.2709694473118105,
      "MAE": 0.22734667052890378,
      "sMAPE": 200.0,
      "R2": -0.18019301766064522,
      "DirectionAcc": 0.0
    }
  },
  "metrics_persistence": {
    "level": {
      "RMSE": 357.8447521854508,
      "MAE": 299.45,
      "MAPE": 25.103261990250363,
      "sMAPE": 22.501693597314336,
      "R2": 0.16795843343488992
    },
    "return": {
      "RMSE": 0.2709694473118105,
      "MAE": 0.22734667052890378,
      "sMAPE": 200.0,
      "R2": -0.18019301766064522,
      "DirectionAcc": 0.0
    }
  },
  "metrics_event_only": {
    "model_level": {
      "RMSE": 441.3248328704245,
      "MAE": 408.06756756756755,
      "MAPE": 35.44863660456458,
      "sMAPE": 31.23128955069177,
      "R2": -0.27037201018049584
    },
    "pers_level": {
      "RMSE": 441.3248328704245,
      "MAE": 408.06756756756755,
      "MAPE": 35.44863660456458,
      "sMAPE": 31.23128955069177,
      "R2": -0.27037201018049584
    },
    "model_return": {
      "RMSE": 0.3366846449683537,
      "MAE": 0.31603393640211347,
      "sMAPE": 200.0,
      "R2": -0.3627556834933803,
      "DirectionAcc": 0.0
    },
    "event_count": 74
  },
  "improvement_vs_persistence": {
    "level_RMSE_overall": 0.0,
    "level_RMSE_event_only": 0.0
  }
}