{
  "config": {
    "horizon_steps": 10,
    "n_splits": 5,
    "test_window": 120,
    "min_train_size": 365,
    "step": 120,
    "val_fraction": 0.15,
    "purge_gap": 10,
    "lags": [
      1,
      2,
      3,
      5,
      7,
      10,
      14,
      20,
      30,
      60
    ],
    "roll_windows": [
      7,
      14,
      30
    ],
    "min_exog_lag": 1,
    "use_param_grid": false,
    "objective": "reg:pseudohubererror",
    "residual_learning": "delta_level = y_level - persistence"
  },
  "per_split": [
    {
      "metrics": {
        "level": {
          "RMSE": 390.6818398646141,
          "MAE": 336.0,
          "MAPE": 14.674207635363274,
          "sMAPE": 15.327219853391158,
          "R2": 0.6270869229678729
        },
        "return": {
          "RMSE": 0.18187801992446317,
          "MAE": 0.15394894577746904,
          "sMAPE": 199.1363442491003,
          "R2": -0.16288452547506327,
          "DirectionAcc": 0.6333333333333333
        }
      },
      "baseline_metrics": {
        "persistence": {
          "level": {
            "RMSE": 390.87041757254195,
            "MAE": 336.1333333333333,
            "MAPE": 14.679243977547005,
            "sMAPE": 15.335943875287875,
            "R2": 0.6267268342295352
          },
          "return": {
            "RMSE": 0.1819943060727998,
            "MAE": 0.15403747668171314,
            "sMAPE": 200.0,
            "R2": -0.16437201244239108,
            "DirectionAcc": 0.0
          }
        },
        "seasonal_naive": {
          "level": {
            "RMSE": 490.50570842753706,
            "MAE": 401.68333333333334,
            "MAPE": 16.73589585630083,
            "sMAPE": 18.279234918277705,
            "R2": 0.4121733162334572
          },
          "return": {
            "RMSE": 0.22626141510891706,
            "MAE": 0.18417068313387144,
            "sMAPE": 136.23061474912745,
            "R2": -0.7996877248825893,
            "DirectionAcc": 0.525
          }
        },
        "moving_average": {
          "level": {
            "RMSE": 440.93193726392707,
            "MAE": 361.49880952380954,
            "MAPE": 15.332000817300962,
            "sMAPE": 16.397580186957985,
            "R2": 0.5249883321378874
          },
          "return": {
            "RMSE": 0.20152248743079895,
            "MAE": 0.1649245275671418,
            "sMAPE": 143.9027205485323,
            "R2": -0.4276547238294457,
            "DirectionAcc": 0.5
          }
        }
      },
      "best_params": {
        "max_depth": 6,
        "min_child_weight": 1,
        "subsample": 0.8,
        "colsample_bytree": 0.8,
        "reg_alpha": 0.0,
        "reg_lambda": 1.0
      }
    },
    {
      "metrics": {
        "level": {
          "RMSE": 782.5228768425775,
          "MAE": 666.13523418804,
          "MAPE": 23.657898157319504,
          "sMAPE": 21.881891085017227,
          "R2": 0.5430248175928427
        },
        "return": {
          "RMSE": 0.2602155558180647,
          "MAE": 0.2208058596081145,
          "sMAPE": 199.2645821310687,
          "R2": -0.022823431840179653,
          "DirectionAcc": 0.5083333333333333
        }
      },
      "baseline_metrics": {
        "persistence": {
          "level": {
            "RMSE": 782.4113581315991,
            "MAE": 666.15,
            "MAPE": 23.65320514198385,
            "sMAPE": 21.884807764086098,
            "R2": 0.5431550569852187
          },
          "return": {
            "RMSE": 0.26020829949477514,
            "MAE": 0.22083433036191857,
            "sMAPE": 198.33333333333334,
            "R2": -0.022766388102092305,
            "DirectionAcc": 0.008333333333333333
          }
        },
        "seasonal_naive": {
          "level": {
            "RMSE": 1077.9085922903357,
            "MAE": 858.6666666666666,
            "MAPE": 32.062707025066445,
            "sMAPE": 26.95975823378756,
            "R2": 0.1329135556111617
          },
          "return": {
            "RMSE": 0.3406922017669622,
            "MAE": 0.27438965940935195,
            "sMAPE": 148.2389144707988,
            "R2": -0.7533093302719336,
            "DirectionAcc": 0.4166666666666667
          }
        },
        "moving_average": {
          "level": {
            "RMSE": 944.7592032951488,
            "MAE": 777.8869047619046,
            "MAPE": 28.596225840573542,
            "sMAPE": 25.1551468257961,
            "R2": 0.333897917234932
          },
          "return": {
            "RMSE": 0.3059943285516062,
            "MAE": 0.25483075326803967,
            "sMAPE": 158.91663082815157,
            "R2": -0.4143630836510659,
            "DirectionAcc": 0.375
          }
        }
      },
      "best_params": {
        "max_depth": 6,
        "min_child_weight": 1,
        "subsample": 0.8,
        "colsample_bytree": 0.8,
        "reg_alpha": 0.0,
        "reg_lambda": 1.0
      }
    },
    {
      "metrics": {
        "level": {
          "RMSE": 450.1952539361856,
          "MAE": 373.51666666666665,
          "MAPE": 18.130637118325392,
          "sMAPE": 17.474415709062583,
          "R2": 0.35919453259234135
        },
        "return": {
          "RMSE": 0.20980283425740867,
          "MAE": 0.17580184847163727,
          "sMAPE": 199.1611416580553,
          "R2": -0.02971889367547087,
          "DirectionAcc": 0.375
        }
      },
      "baseline_metrics": {
        "persistence": {
          "level": {
            "RMSE": 450.1318788236769,
            "MAE": 373.39166666666665,
            "MAPE": 18.12143206761214,
            "sMAPE": 17.469745054111954,
            "R2": 0.3593749354720862
          },
          "return": {
            "RMSE": 0.20977644910591048,
            "MAE": 0.17575502257697553,
            "sMAPE": 200.0,
            "R2": -0.02945991165857853,
            "DirectionAcc": 0.0
          }
        },
        "seasonal_naive": {
          "level": {
            "RMSE": 603.4153489374738,
            "MAE": 524.3166666666667,
            "MAPE": 26.14973298447756,
            "sMAPE": 24.634158517914813,
            "R2": -0.15121672401021247
          },
          "return": {
            "RMSE": 0.29013119725452774,
            "MAE": 0.2490707767581055,
            "sMAPE": 158.7288649544982,
            "R2": -0.9691773876727008,
            "DirectionAcc": 0.4
          }
        },
        "moving_average": {
          "level": {
            "RMSE": 526.830836162779,
            "MAE": 454.57380952380953,
            "MAPE": 22.453766029452442,
            "sMAPE": 21.305068178867035,
            "R2": 0.12246033085984143
          },
          "return": {
            "RMSE": 0.2487313082512804,
            "MAE": 0.21473146909531696,
            "sMAPE": 164.10268698162838,
            "R2": -0.4472944209320002,
            "DirectionAcc": 0.375
          }
        }
      },
      "best_params": {
        "max_depth": 6,
        "min_child_weight": 1,
        "subsample": 0.8,
        "colsample_bytree": 0.8,
        "reg_alpha": 0.0,
        "reg_lambda": 1.0
      }
    },
    {
      "metrics": {
        "level": {
          "RMSE": 358.29578962571463,
          "MAE": 287.725,
          "MAPE": 24.554110995362137,
          "sMAPE": 24.25547135214136,
          "R2": 0.1811086342007736
        },
        "return": {
          "RMSE": 0.31899739436071967,
          "MAE": 0.24689395721850824,
          "sMAPE": 196.48528363316018,
          "R2": 0.000336985325414374,
          "DirectionAcc": 0.5
        }
      },
      "baseline_metrics": {
        "persistence": {
          "level": {
            "RMSE": 358.3243293442409,
            "MAE": 287.725,
            "MAPE": 24.53726169400066,
            "sMAPE": 24.259954541167016,
            "R2": 0.18097817294191987
          },
          "return": {
            "RMSE": 0.31917760024207953,
            "MAE": 0.24695057131085815,
            "sMAPE": 200.0,
            "R2": -0.0007927796256963493,