{
  "event_threshold": 0.14802702772556559,
  "event_rate_test": 0.6166666666666667,
  "metrics_overall": {
    "level": {
      "RMSE": 357.88055502732567,
      "MAE": 299.5083333333333,
      "MAPE": 25.113814388994427,
      "sMAPE": 22.509340327253604,
      "R2": 0.167791931382275
    },
    "return": {
      "RMSE": 0.2710480549132732,
      "MAE": 0.2274247311292356,
      "sMAPE": 199.9318635656693,
      "R2": -0.18087785943740164,
      "DirectionAcc": 0.025
    }
  },
  "metrics_persistence": {
    "level": {
      "RMSE": 357.8447521854508,
      "MAE": 299.45,
      "MAPE": 25.103261990250363,
      "sMAPE": 22.501693597314336,
      "R2": 0.16795843343488992
    },
    "return": {
      "RMSE": 0.2709694473118105,
      "MAE": 0.22734667052890378,
      "sMAPE": 200.0,
      "R2": -0.18019301766064522,
      "DirectionAcc": 0.0
    }
  },
  "metrics_event_only": {
    "model_level": {
      "RMSE": 441.3730725692146,
      "MAE": 408.1621621621622,
      "MAPE": 35.46450859930248,
      "sMAPE": 31.24275717315314,
      "R2": -0.27064974534443853
    },
    "pers_level": {
      "RMSE": 441.3248328704245,
      "MAE": 408.06756756756755,
      "MAPE": 35.44863660456458,
      "sMAPE": 31.23128955069177,
      "R2": -0.27037201018049584
    },
    "model_return": {
      "RMSE": 0.3367838339311508,
      "MAE": 0.31615116778972197,
      "sMAPE": 199.98748857275882,
      "R2": -0.3635587509081555,
      "DirectionAcc": 0.013513513513513514
    },
    "event_count": 74
  },
  "improvement_vs_persistence": {
    "level_RMSE_overall": -0.03580284187489724,
    "level_RMSE_event_only": -0.04823969879015522
  }
}