{
  "event_threshold": 0.14950325131516404,
  "event_rate_test": 0.35,
  "metrics_overall": {
    "level": {
      "RMSE": 263.842187680439,
      "MAE": 188.39166666666668,
      "MAPE": 15.50856268406078,
      "sMAPE": 16.6977897260212,
      "R2": -0.5909137006214689
    },
    "return": {
      "RMSE": 0.2546293679561152,
      "MAE": 0.16989658584870682,
      "sMAPE": 199.23710063342492,
      "R2": -0.05073122021875953,
      "DirectionAcc": 0.3333333333333333
    }
  },
  "metrics_persistence": {
    "level": {
      "RMSE": 263.95105291196194,
      "MAE": 188.44166666666666,
      "MAPE": 15.512605382175632,
      "sMAPE": 16.70646677579204,
      "R2": -0.5922268410357161
    },
    "return": {
      "RMSE": 0.2548248308182636,
      "MAE": 0.169990078684538,
      "sMAPE": 200.0,
      "R2": -0.052344999190999664,
      "DirectionAcc": 0.0
    }
  },
  "metrics_event_only": {
    "model_level": {
      "RMSE": 422.88056965350887,
      "MAE": 378.3809523809524,
      "MAPE": 31.50456562703799,
      "sMAPE": 35.00202497494379,
      "R2": -2.9831903277076592
    },
    "pers_level": {
      "RMSE": 423.0769658674637,
      "MAE": 378.5952380952381,
      "MAPE": 31.522540893633728,
      "sMAPE": 35.030540887018155,
      "R2": -2.986890971397125
    },
    "model_return": {
      "RMSE": 0.4159886150930525,
      "MAE": 0.35824960946861184,
      "sMAPE": 199.54149367007884,
      "R2": -0.20961938797043556,
      "DirectionAcc": 0.5476190476190477
    },
    "event_count": 42
  },
  "improvement_vs_persistence": {
    "level_RMSE_overall": 0.10886523152294103,
    "level_RMSE_event_only": 0.196396213954813
  }
}