{
  "event_threshold": 0.14950325131516404,
  "event_rate_test": 0.35,
  "metrics_overall": {
    "level": {
      "RMSE": 263.89952712475,
      "MAE": 188.42083333333332,
      "MAPE": 15.512036254146588,
      "sMAPE": 16.701247498164985,
      "R2": -0.5916052656873478
    },
    "return": {
      "RMSE": 0.25471487761062545,
      "MAE": 0.16993441408601337,
      "sMAPE": 198.96590702687064,
      "R2": -0.05143705199826054,
      "DirectionAcc": 0.325
    }
  },
  "metrics_persistence": {
    "level": {
      "RMSE": 263.95105291196194,
      "MAE": 188.44166666666666,
      "MAPE": 15.512605382175632,
      "sMAPE": 16.70646677579204,
      "R2": -0.5922268410357161
    },
    "return": {
      "RMSE": 0.2548248308182636,
      "MAE": 0.169990078684538,
      "sMAPE": 200.0,
      "R2": -0.052344999190999664,
      "DirectionAcc": 0.0
    }
  },
  "metrics_event_only": {
    "model_level": {
      "RMSE": 422.96393238104605,
      "MAE": 378.45238095238096,
      "MAPE": 31.512039025042824,
      "sMAPE": 35.01002258780692,
      "R2": -2.9847609004056177
    },
    "pers_level": {
      "RMSE": 423.0769658674637,
      "MAE": 378.5952380952381,
      "MAPE": 31.522540893633728,
      "sMAPE": 35.030540887018155,
      "R2": -2.986890971397125
    },
    "model_return": {
      "RMSE": 0.41612471347004215,
      "MAE": 0.358338693001048,
      "sMAPE": 199.5749019817576,
      "R2": -0.21041101620220903,
      "DirectionAcc": 0.5
    },
    "event_count": 42
  },
  "improvement_vs_persistence": {
    "level_RMSE_overall": 0.05152578721191503,
    "level_RMSE_event_only": 0.11303348641763478
  }
}