{
  "event_threshold": 0.17378107504045887,
  "event_rate_test": 0.38333333333333336,
  "metrics_overall": {
    "level": {
      "RMSE": 362.8088569297429,
      "MAE": 305.8666666666667,
      "MAPE": 15.145929189790172,
      "sMAPE": 15.747889208539009,
      "R2": 0.6908223486310152
    },
    "return": {
      "RMSE": 0.18275873337968768,
      "MAE": 0.15815422602939763,
      "sMAPE": 200.0,
      "R2": -0.1611816930087091,
      "DirectionAcc": 0.0
    }
  },
  "metrics_persistence": {
    "level": {
      "RMSE": 362.8088569297429,
      "MAE": 305.8666666666667,
      "MAPE": 15.145929189790172,
      "sMAPE": 15.747889208539009,
      "R2": 0.6908223486310152
    },
    "return": {
      "RMSE": 0.18275873337968768,
      "MAE": 0.15815422602939763,
      "sMAPE": 200.0,
      "R2": -0.1611816930087091,
      "DirectionAcc": 0.0
    }
  },
  "metrics_event_only": {
    "model_level": {
      "RMSE": 511.78736243466005,
      "MAE": 491.04347826086956,
      "MAPE": 24.347619658995654,
      "sMAPE": 25.77872543010471,
      "R2": 0.382409972049607
    },
    "pers_level": {
      "RMSE": 511.78736243466005,
      "MAE": 491.04347826086956,
      "MAPE": 24.347619658995654,
      "sMAPE": 25.77872543010471,
      "R2": 0.382409972049607
    },
    "model_return": {
      "RMSE": 0.26314276494507877,
      "MAE": 0.2593568561318035,
      "sMAPE": 200.0,
      "R2": -0.43445137770274767,
      "DirectionAcc": 0.0
    },
    "event_count": 46
  },
  "improvement_vs_persistence": {
    "level_RMSE_overall": 0.0,
    "level_RMSE_event_only": 0.0
  }
}