{
  "event_threshold": 0.14802702772556559,
  "event_rate_test": 0.6166666666666667,
  "metrics_overall": {
    "level": {
      "RMSE": 357.86521263831537,
      "MAE": 299.4875,
      "MAPE": 25.10934730478922,
      "sMAPE": 22.506288881491322,
      "R2": 0.167863283603359
    },
    "return": {
      "RMSE": 0.2710144702037224,
      "MAE": 0.2273934563386249,
      "sMAPE": 200.0,
      "R2": -0.18058523986557784,
      "DirectionAcc": 0.0
    }
  },
  "metrics_persistence": {
    "level": {
      "RMSE": 357.8447521854508,
      "MAE": 299.45,
      "MAPE": 25.103261990250363,
      "sMAPE": 22.501693597314336,
      "R2": 0.16795843343488992
    },
    "return": {
      "RMSE": 0.2709694473118105,
      "MAE": 0.22734667052890378,
      "sMAPE": 200.0,
      "R2": -0.18019301766064522,
      "DirectionAcc": 0.0
    }
  },
  "metrics_event_only": {
    "model_level": {
      "RMSE": 441.3504001082084,
      "MAE": 408.1216216216216,
      "MAPE": 35.457407806098274,
      "sMAPE": 31.237784775158183,
      "R2": -0.27051920717312794
    },
    "pers_level": {
      "RMSE": 441.3248328704245,
      "MAE": 408.06756756756755,
      "MAPE": 35.44863660456458,
      "sMAPE": 31.23128955069177,
      "R2": -0.27037201018049584
    },
    "model_return": {
      "RMSE": 0.3367396249704266,
      "MAE": 0.31610019738079936,
      "sMAPE": 200.0,
      "R2": -0.36320079097853775,
      "DirectionAcc": 0.0
    },
    "event_count": 74
  },
  "improvement_vs_persistence": {
    "level_RMSE_overall": -0.0204604528645973,
    "level_RMSE_event_only": -0.025567237783945984
  }
}