{
  "config": {
    "horizon_steps": 10,
    "n_splits": 5,
    "test_window": 120,
    "min_train_size": 365,
    "step": 120,
    "val_fraction": 0.15,
    "purge_gap": 10,
    "lags": [
      1,
      2,
      3,
      5,
      7,
      10,
      14,
      20,
      30
    ],
    "roll_windows": [
      7,
      14,
      30
    ],
    "min_exog_lag": 7,
    "top_k_features": 150,
    "use_param_grid": false,
    "objective": "reg:pseudohubererror",
    "residual_learning": "delta_level = y_level - persistence",
    "feature_selection": "two-stage gain-based top-K per split"
  },
  "per_split": [
    {
      "imp_vs_persistence_rmse": 0.180925481175791,
      "metrics": {
        "level": {
          "RMSE": 362.6279314485671,
          "MAE": 305.7,
          "MAPE": 15.137628167082198,
          "sMAPE": 15.73526958289459,
          "R2": 0.6911306330990923
        },
        "return": {
          "RMSE": 0.18262994843407448,
          "MAE": 0.15802671438738106,
          "sMAPE": 198.9916173453022,
          "R2": -0.15954576536640963,
          "DirectionAcc": 0.6666666666666666
        }
      },
      "baseline_metrics": {
        "persistence": {
          "level": {
            "RMSE": 362.8088569297429,
            "MAE": 305.8666666666667,
            "MAPE": 15.145929189790172,
            "sMAPE": 15.747889208539009,
            "R2": 0.6908223486310152
          },
          "return": {
            "RMSE": 0.18275873337968768,
            "MAE": 0.15815422602939763,
            "sMAPE": 200.0,
            "R2": -0.1611816930087091,
            "DirectionAcc": 0.0
          }
        },
        "seasonal_naive": {
          "level": {
            "RMSE": 455.90431196323055,
            "MAE": 366.575,
            "MAPE": 17.761763910920276,
            "sMAPE": 19.093294957544895,
            "R2": 0.5117977998841792
          },
          "return": {
            "RMSE": 0.22913851998064244,
            "MAE": 0.19232530894872063,
            "sMAPE": 144.22443238932567,
            "R2": -0.8253246068751487,
            "DirectionAcc": 0.4583333333333333
          }
        },
        "moving_average": {
          "level": {
            "RMSE": 410.8648738427552,
            "MAE": 328.8333333333333,
            "MAPE": 16.114970625384636,
            "sMAPE": 17.048950810881916,
            "R2": 0.6034934555113747
          },
          "return": {
            "RMSE": 0.2049514845681654,
            "MAE": 0.17146615536410165,
            "sMAPE": 148.62052132259444,
            "R2": -0.46031329179097,
            "DirectionAcc": 0.45
          }
        }
      },
      "best_params": {
        "max_depth": 6,
        "min_child_weight": 3,
        "subsample": 0.8,
        "colsample_bytree": 0.8,
        "reg_alpha": 0.1,
        "reg_lambda": 2.0
      },
      "top_features_head": [
        "bdi_t",
        "BDI_lag1",
        "BDI_lag2",
        "BDI_lag3",
        "BDI_lag5",
        "BDI_lag7",
        "BDI_lag10",
        "BDI_lag14",
        "BDI_lag20",
        "BDI_lag30",
        "ret1",
        "ret1_roll_mean_7",
        "ret1_roll_std_7",
        "ret1_roll_mean_14",
        "ret1_roll_std_14",
        "ret1_roll_mean_30",
        "ret1_roll_std_30",
        "BDI_roll_mean_7",
        "BDI_roll_std_7",
        "BDI_roll_min_7",
        "BDI_roll_max_7",
        "BDI_roll_mean_14",
        "BDI_roll_std_14",
        "BDI_roll_min_14",
        "BDI_roll_max_14",
        "BDI_roll_mean_30",
        "BDI_roll_std_30",
        "BDI_roll_min_30",
        "BDI_roll_max_30",
        "Port Call - Number_lag7"
      ],
      "top_features_count": 150
    },
    {
      "imp_vs_persistence_rmse": -0.017535601027475423,
      "metrics": {
        "level": {
          "RMSE": 735.4174551459419,
          "MAE": 582.7666666666667,
          "MAPE": 17.09546787129213,
          "sMAPE": 16.09114551103664,
          "R2": 0.18606478413990657
        },
        "return": {
          "RMSE": 0.20326952261237585,
          "MAE": 0.16198049225839414,
          "sMAPE": 199.18991124441473,
          "R2": -0.0022010311036964048,
          "DirectionAcc": 0.5583333333333333
        }
      },
      "baseline_metrics": {
        "persistence": {
          "level": {
            "RMSE": 735.3999195449144,
            "MAE": 582.825,
            "MAPE": 17.09576958786251,
            "sMAPE": 16.09383203380737,
            "R2": 0.18610359929976916
          },
          "return": {
            "RMSE": 0.20327497770010639,
            "MAE": 0.162007088403878,
            "sMAPE": 198.33333333333334,
            "R2": -0.002254823407013884,
            "DirectionAcc": 0.008333333333333333
          }
        },
        "seasonal_naive": {
          "level": {
            "RMSE": 986.4116196260734,
            "MAE": 726.1166666666667,
            "MAPE": 21.592380163810226,
            "sMAPE": 19.505292453743497,
            "R2": -0.46432787873865555
          },
          "return": {
            "RMSE": 0.2604448921963129,
            "MAE": 0.19755015917803537,
            "sMAPE": 140.62231973414464,
            "R2": -0.6452882641194493,
            "DirectionAcc": 0.48333333333333334
          }
        },
        "moving_average": {
          "level": {
            "RMSE": 870.8930410478536,
            "MAE": 658.7011904761905,
            "MAPE": 19.489687534540533,
            "sMAPE": 17.951441568940865,
            "R2": -0.141436122776599
          },
          "return": {
            "RMSE": 0.23367323978712282,
            "MAE": 0.18123473256823378,
            "sMAPE": 151.04847248056183,
            "R2": -0.32442774678426245,
            "DirectionAcc": 0.43333333333333335
          }
        }
      },
      "best_params": {
        "max_depth": 6,
        "min_child_weight": 3,
        "subsample": 0.8,
        "colsample_bytree": 0.8,
        "reg_alpha": 0.1,
        "reg_lambda": 2.0
      },
      "top_features_head": [
        "bdi_t",
        "BDI_lag1",
        "BDI_lag2",
        "BDI_lag3",
        "BDI_lag5",
        "BDI_lag7",
        "BDI_lag10",
        "BDI_lag14",
        "BDI_lag20",
        "BDI_lag30",
        "ret1",
        "ret1_roll_mean_7",
        "ret1_roll_std_7",
        "ret1_roll_mean_14",
        "ret1_roll_std_14",
        "ret1_roll_mean_30",
        "ret1_roll_std_30",
        "BDI_roll_mean_7",
        "BDI_roll_std_7",
        "BDI_roll_min_7",
        "BDI_roll_max_7",
        "BDI_roll_mean_14",
        "BDI_roll_std_14",
        "BDI_roll_min_14",
        "BDI_roll_max_14",
        "BDI_roll_mean_30",
        "BDI_roll_std_30",
        "BDI_roll_min_30",
        "BDI_roll_max_30",
        "Port Call - Number_lag7"
      ],
      "top_features_count": 150
    },
    {
      "imp_vs_persistence_rmse": -0.036345757009939916,
      "metrics": {
        "level": {
          "RMSE": 505.80852767293936,
          "MAE": 421.125,
          "MAPE": 19.490309122073402,
          "sMAPE": 18.8275471337447,
          "R2": -0.2673891903353449
        },
        "return": {
          "RMSE": 0.23086194750348119,
          "MAE": 0.18974505155758026,
          "sMAPE": 199.1256986629055,
          "R2": -0.00438631311646942,
          "DirectionAcc": 0.425
        }
      },
      "baseline_metrics": {
        "persistence": {
          "level": {
            "RMSE": 505.7721819159294,
            "MAE": 421.05,
            "MAPE": 19.48508382913602,
            "sMAPE": 18.826776477785963,
            "R2": -0.26720705594252103
          },
          "return": {
            "RMSE": 0.23087567508081397,
            "MAE": 0.18973765171673854,
            "sMAPE": 200.0,
            "R2": -0.004505762864347673,
            "DirectionAcc": 0.0
          }
        },
        "seasonal_naive": {
          "level": {
            "RMSE": 715.576748737222,
            "MAE": 606.1333333333333,
            "MAPE": 28.851094724043186,
            "sMAPE": 26.588333638305407,