{
  "event_threshold": 0.14950325131516404,
  "event_rate_test": 0.35,
  "metrics_overall": {
    "level": {
      "RMSE": 263.8911668030339,
      "MAE": 188.40416666666667,
      "MAPE": 15.509148115730747,
      "sMAPE": 16.700001702532465,
      "R2": -0.5915044233596691
    },
    "return": {
      "RMSE": 0.25468905764827376,
      "MAE": 0.16992065527358782,
      "sMAPE": 199.5284841943041,
      "R2": -0.051223898456711714,
      "DirectionAcc": 0.2
    }
  },
  "metrics_persistence": {
    "level": {
      "RMSE": 263.95105291196194,
      "MAE": 188.44166666666666,
      "MAPE": 15.512605382175632,
      "sMAPE": 16.70646677579204,
      "R2": -0.5922268410357161
    },
    "return": {
      "RMSE": 0.2548248308182636,
      "MAE": 0.169990078684538,
      "sMAPE": 200.0,
      "R2": -0.052344999190999664,
      "DirectionAcc": 0.0
    }
  },
  "metrics_event_only": {
    "model_level": {
      "RMSE": 422.9731571467233,
      "MAE": 378.4642857142857,
      "MAPE": 31.510538499756212,
      "sMAPE": 35.011521434909056,
      "R2": -2.984934716107713
    },
    "pers_level": {
      "RMSE": 423.0769658674637,
      "MAE": 378.5952380952381,
      "MAPE": 31.522540893633728,
      "sMAPE": 35.030540887018155,
      "R2": -2.986890971397125
    },
    "model_return": {
      "RMSE": 0.4160961728322234,
      "MAE": 0.35835017305063294,
      "sMAPE": 199.71091573412642,
      "R2": -0.21024498560315208,
      "DirectionAcc": 0.3333333333333333
    },
    "event_count": 42
  },
  "improvement_vs_persistence": {
    "level_RMSE_overall": 0.05988610892802626,
    "level_RMSE_event_only": 0.10380872074040326
  }
}