{
  "event_threshold": 0.14802702772556559,
  "event_rate_test": 0.6166666666666667,
  "metrics_overall": {
    "level": {
      "RMSE": 357.9711696957359,
      "MAE": 299.575,
      "MAPE": 25.120553879934853,
      "sMAPE": 22.513292171097348,
      "R2": 0.16737045106437087
    },
    "return": {
      "RMSE": 0.2711070724067989,
      "MAE": 0.22746599913151838,
      "sMAPE": 199.75561277930373,
      "R2": -0.18139215966949784,
      "DirectionAcc": 0.10833333333333334
    }
  },
  "metrics_persistence": {
    "level": {
      "RMSE": 357.8447521854508,
      "MAE": 299.45,
      "MAPE": 25.103261990250363,
      "sMAPE": 22.501693597314336,
      "R2": 0.16795843343488992
    },
    "return": {
      "RMSE": 0.2709694473118105,
      "MAE": 0.22734667052890378,
      "sMAPE": 200.0,
      "R2": -0.18019301766064522,
      "DirectionAcc": 0.0
    }
  },
  "metrics_event_only": {
    "model_level": {
      "RMSE": 441.47983257173547,
      "MAE": 408.25,
      "MAPE": 35.47357029455118,
      "sMAPE": 31.247869708877573,
      "R2": -0.2712645131434577
    },
    "pers_level": {
      "RMSE": 441.3248328704245,
      "MAE": 408.06756756756755,
      "MAPE": 35.44863660456458,
      "sMAPE": 31.23128955069177,
      "R2": -0.27037201018049584
    },
    "model_return": {
      "RMSE": 0.336854695334815,
      "MAE": 0.31620506308259333,
      "sMAPE": 199.95684823543266,
      "R2": -0.3641326136797203,
      "DirectionAcc": 0.05405405405405406
    },
    "event_count": 74
  },
  "improvement_vs_persistence": {
    "level_RMSE_overall": -0.1264175102851368,
    "level_RMSE_event_only": -0.15499970131099872
  }
}